{"skeleton":{"hash":"EDc3vAa9bxSrA5egTICYZIenNIM","spine":"3.7.92","width":0,"height":0,"images":"./images/","audio":"G:/effect/E_aximofu"},"bones":[{"name":"root","scaleX":0.4,"scaleY":0.4},{"name":"skill4","parent":"root","length":44.97,"color":"ef0000ff"},{"name":"objective","parent":"skill4","length":57}],"slots":[{"name":"skill4/skill4_1/skill4_1_0001","bone":"objective","blend":"additive"},{"name":"skill4","bone":"skill4","blend":"additive"}],"skins":{"default":{"skill4":{"skill4/skill4_0001":{"type":"mesh","uvs":[1,1,0,1,0,0,1,0],"triangles":[1,2,3,1,3,0],"vertices":[1,1,31.69,-49.74,1,1,2,-17.03,-49.41,1,2,1,-455.31,112.26,2.0E-4,2,-17.03,112.59,0.9998,2,1,31.69,112.26,0.99383,2,469.97,112.59,0.00617],"hull":4,"edges":[0,2,2,4,4,6,0,6],"width":487,"height":162},"skill4/skill4_0002":{"type":"mesh","uvs":[1,1,0,1,0,0,1,0],"triangles":[1,2,3,1,3,0],"vertices":[1,1,31.69,-48.74,1,1,2,-17.03,-48.41,1,2,1,-455.31,111.26,1.7E-4,2,-17.03,111.59,0.99983,2,1,31.69,111.26,0.99294,2,469.97,111.59,0.00706],"hull":4,"edges":[0,2,2,4,4,6,0,6],"width":487,"height":160},"skill4/skill4_0003":{"type":"mesh","uvs":[1,1,0,1,0,0,1,0],"triangles":[1,2,3,1,3,0],"vertices":[1,1,30.69,-43.44,1,1,2,-17.03,-43.1,1,2,1,-455.31,107.56,1.3E-4,2,-17.03,107.9,0.99987,2,1,30.69,107.56,0.99694,2,468.97,107.9,0.00306],"hull":4,"edges":[0,2,2,4,4,6,0,6],"width":486,"height":151},"skill4/skill4_0004":{"type":"mesh","uvs":[1,1,0,1,0,0,1,0],"triangles":[1,2,3,1,3,0],"vertices":[2,1,31.69,-46.44,0.99993,2,469.97,-46.1,7.0E-5,1,2,-17.03,-46.1,1,2,1,-455.31,110.56,2.7E-4,2,-17.03,110.9,0.99973,2,1,31.69,110.56,0.99398,2,469.97,110.9,0.00602],"hull":4,"edges":[0,2,2,4,4,6,0,6],"width":487,"height":157},"skill4/skill4_0005":{"type":"mesh","uvs":[1,1,0,1,0,0,1,0],"triangles":[1,2,3,1,3,0],"vertices":[2,1,31.69,-47.44,0.99987,2,469.97,-47.1,1.3E-4,1,2,-17.03,-47.1,1,2,1,-455.31,111.56,2.6E-4,2,-17.03,111.9,0.99974,2,1,31.69,111.56,0.99511,2,469.97,111.9,0.00489],"hull":4,"edges":[0,2,2,4,4,6,0,6],"width":487,"height":159},"skill4/skill4_0006":{"type":"mesh","uvs":[1,1,0,1,0,0,1,0],"triangles":[1,2,3,1,3,0],"vertices":[1,1,31.69,-48.44,1,1,2,-17.03,-48.1,1,2,1,-455.31,112.56,4.5E-4,2,-17.03,112.9,0.99955,2,1,31.69,112.56,0.99165,2,469.97,112.9,0.00835],"hull":4,"edges":[0,2,2,4,4,6,0,6],"width":487,"height":161},"skill4/skill4_0007":{"type":"mesh","uvs":[1,1,0,1,0,0,1,0],"triangles":[1,2,3,1,3,0],"vertices":[1,1,31.69,-49.74,1,1,2,-17.03,-49.41,1,2,1,-455.31,112.26,2.0E-4,2,-17.03,112.59,0.9998,2,1,31.69,112.26,0.99383,2,469.97,112.59,0.00617],"hull":4,"edges":[0,2,2,4,4,6,0,6],"width":487,"height":162},"skill4/skill4_0008":{"type":"mesh","uvs":[1,1,0,1,0,0,1,0],"triangles":[1,2,3,1,3,0],"vertices":[2,1,30.69,-48.74,0.99999,2,468.97,-48.41,1.0E-5,1,2,-17.03,-48.41,1,2,1,-455.31,111.26,6.0E-5,2,-17.03,111.59,0.99994,2,1,30.69,111.26,0.99289,2,468.97,111.59,0.00711],"hull":4,"edges":[0,2,2,4,4,6,0,6],"width":486,"height":160},"skill4/skill4_0009":{"type":"mesh","uvs":[1,1,0,1,0,0,1,0],"triangles":[1,2,3,1,3,0],"vertices":[1,1,32.69,-46.44,1,1,2,-18.03,-46.1,1,2,1,-456.31,110.56,4.0E-5,2,-18.03,110.9,0.99996,2,1,32.69,110.56,0.9953,2,470.97,110.9,0.0047],"hull":4,"edges":[0,2,2,4,4,6,0,6],"width":489,"height":157},"skill4/skill4_0010":{"type":"mesh","uvs":[1,1,0,1,0,0,1,0],"triangles":[1,2,3,1,3,0],"vertices":[1,1,31.69,-46.74,1,1,2,-17.03,-46.41,1,1,2,-17.03,109.59,1,2,1,31.69,109.26,0.99275,2,469.97,109.59,0.00725],"hull":4,"edges":[0,2,2,4,4,6,0,6],"width":487,"height":156},"skill4/skill4_0011":{"type":"mesh","uvs":[1,1,0,1,0,0,1,0],"triangles":[1,2,3,1,3,0],"vertices":[1,1,32.69,-47.74,1,1,2,-18.03,-47.41,1,2,1,-456.31,110.26,6.0E-5,2,-18.03,110.59,0.99994,2,1,32.69,110.26,0.99399,2,470.97,110.59,0.00601],"hull":4,"edges":[0,2,2,4,4,6,0,6],"width":489,"height":158},"skill4/skill4_0012":{"type":"mesh","uvs":[1,1,0,1,0,0,1,0],"triangles":[1,2,3,1,3,0],"vertices":[1,1,30.69,-49.74,1,1,2,-17.03,-49.41,1,2,1,-455.31,112.26,3.0E-5,2,-17.03,112.59,0.99997,2,1,30.69,112.26,0.993,2,468.97,112.59,0.007],"hull":4,"edges":[0,2,2,4,4,6,0,6],"width":486,"height":162}},"skill4/skill4_1/skill4_1_0001":{"skill4/skill4_1/skill4_1_0001":{"x":19.96,"y":29.63,"rotation":-0.44,"width":512,"height":512},"skill4/skill4_1/skill4_1_0002":{"x":19.96,"y":29.63,"rotation":-0.44,"width":512,"height":512},"skill4/skill4_1/skill4_1_0003":{"x":19.96,"y":29.63,"rotation":-0.44,"width":512,"height":512},"skill4/skill4_1/skill4_1_0004":{"x":19.96,"y":29.63,"rotation":-0.44,"width":512,"height":512},"skill4/skill4_1/skill4_1_0005":{"x":19.96,"y":29.63,"rotation":-0.44,"width":512,"height":512},"skill4/skill4_1/skill4_1_0006":{"x":19.96,"y":29.63,"rotation":-0.44,"width":512,"height":512},"skill4/skill4_1/skill4_1_0007":{"x":19.96,"y":29.63,"rotation":-0.44,"width":512,"height":512},"skill4/skill4_1/skill4_1_0008":{"x":19.96,"y":29.63,"rotation":-0.44,"width":512,"height":512}}}},"events":{"atk":{}},"animations":{"hit":{"slots":{"skill4":{"attachment":[{"time":0,"name":"skill4/skill4_0001"},{"time":0.0333,"name":"skill4/skill4_0002"},{"time":0.0667,"name":"skill4/skill4_0003"},{"time":0.1,"name":"skill4/skill4_0004"},{"time":0.1333,"name":"skill4/skill4_0005"},{"time":0.1667,"name":"skill4/skill4_0006"},{"time":0.2,"name":"skill4/skill4_0007"},{"time":0.2333,"name":"skill4/skill4_0008"},{"time":0.2667,"name":"skill4/skill4_0009"},{"time":0.3,"name":"skill4/skill4_0010"},{"time":0.3333,"name":"skill4/skill4_0011"},{"time":0.4,"name":"skill4/skill4_0012"}]},"skill4/skill4_1/skill4_1_0001":{"color":[{"time":0,"color":"ffffff94"}],"attachment":[{"time":0,"name":"skill4/skill4_1/skill4_1_0002"},{"time":0.0667,"name":"skill4/skill4_1/skill4_1_0003"},{"time":0.1333,"name":"skill4/skill4_1/skill4_1_0004"},{"time":0.2,"name":"skill4/skill4_1/skill4_1_0005"},{"time":0.2667,"name":"skill4/skill4_1/skill4_1_0006"},{"time":0.3333,"name":"skill4/skill4_1/skill4_1_0007"},{"time":0.4,"name":"skill4/skill4_1/skill4_1_0008"}]}},"bones":{"objective":{"rotate":[{"time":0,"angle":-2.65},{"time":0.4,"angle":0}],"translate":[{"time":0,"x":-3.56,"y":-38.47}]},"skill4":{"translate":[{"time":0,"x":0,"y":93.34}]}}}}}